Order,Male
1,1
2,1
3,0
4,1
5,0
6,0
7,1
8,1
9,0
10,0
11,0
12,0
13,1
14,1
15,0
16,1
17,1
18,1
19,1
20,1
21,0
22,0
23,0
24,1
25,0
26,0
27,0
28,1
29,0
30,0
31,1
32,1
33,0
34,0
35,0
36,1
37,0
38,1
39,0
40,1
41,0
42,1
43,0
44,0
45,1
46,0
47,1
48,0
49,0
50,1
51,1
52,0
53,1
54,0
55,1
56,0
57,1
58,1
59,0
60,0
61,1
62,0
63,1
64,1
65,1
66,1
67,1
68,1
69,1
70,0
71,0
72,0
73,0
74,1
75,1
76,0
77,1
78,0
79,0
80,1
81,1
82,0
83,0
84,1
85,1
86,1
87,1
88,1
89,0
90,0
91,0
92,0
93,0
94,0
95,1
96,0
97,1
98,1
99,0
100,0
101,0
102,0
103,1
104,0
105,1
106,1
107,1
108,1
109,0
110,0
111,1
112,1
113,0
114,1
115,1
116,1
117,1
118,0
119,1
120,0
121,0
122,0
123,1
124,1
125,1
126,1
127,1
128,1
129,1
130,0
131,0
132,1
133,0
134,1
135,0
136,1
137,1
138,1
139,0
140,0
141,1
142,0
143,1
144,0
145,1
146,0
147,1
148,1
149,0
150,1
151,0
152,1
153,1
154,0
155,0
156,0
157,0
158,0
159,1
160,1
161,1
162,1
163,0
164,0
165,1
166,0
167,0
168,0
169,0
170,0
171,0
172,1
173,1
174,0
175,1
176,1
177,0
178,1
179,0
180,0
181,0
182,1
183,1
184,1
185,1
186,0
187,1
188,0
189,1
190,1
191,1
192,0
193,1
194,0
195,1
196,1
197,1
198,0
199,0
200,1
201,1
202,1
203,0
204,1
205,0
206,1
207,1
208,0
209,1
210,1
211,1
212,0
213,0
214,1
215,1
216,1
217,0
218,0
219,0
220,0
221,0
222,0
223,0
224,1
225,1
226,1
227,1
228,0
229,0
230,1
231,1
232,1
233,0
234,0
235,1
236,1
237,1
238,0
239,1
240,1
241,1
242,0
243,0
244,0
245,1
246,0
247,0
248,1
249,1
250,0
251,0
252,1
253,0
254,0
255,0
256,1
257,1
258,0
259,1
260,1
261,1
262,1
263,1
264,1
265,1
266,0
267,0
268,1
269,0
270,1
271,1
272,0
273,0
274,1
275,1
276,0
277,0
278,1
279,0
280,0
281,1
282,0
283,0
284,1
285,0
286,1
287,0
288,1
289,0
290,0
291,1
292,1
293,1
294,0
295,1
296,0
297,1
298,1
299,0
300,0
301,0
302,1
303,0
304,0
305,1
306,0
307,1
308,1
309,1
310,0
311,1
312,0
313,0
314,0
315,1
316,1
317,1
318,1
319,1
320,1
321,1
322,1
323,1
324,0
325,0
326,1
327,0
328,1
329,1
330,0
331,0
332,0
333,0
334,0
335,1
336,0
337,1
338,0
339,0
340,1
341,1
342,0
343,1
344,0
345,1
346,1
347,0
348,1
349,1
350,1
351,1
352,1
353,1
354,1
355,1
356,0
357,0
358,1
359,0
360,1
361,1
362,0
363,1
364,1
365,0
366,0
367,1
368,0
369,1
370,1
371,1
372,1
373,0
374,0
375,0
376,0
377,1
378,0
379,1
380,0
381,1
382,1
383,1
384,0
385,1
386,1
387,1
388,0
389,0
390,0
391,1
392,1
393,1
394,1
395,1
396,1
397,1
398,0
399,0
400,0
401,0
402,0
403,0
404,1
405,1
406,0
407,1
408,0
409,0
410,1
411,1
412,1
413,0
414,1
415,1
416,0
417,0
418,0
419,1
420,1
421,1
422,0
423,1
424,0
425,1
426,0
427,1
428,0
429,0
430,1
431,0
432,1
433,1
434,1
435,1
436,1
437,0
438,0
439,1
440,1
441,0
442,1
443,1
444,0
445,1
446,0
447,1
448,0
449,0
450,1
451,0
452,0
453,0
454,1
455,0
456,0
457,0
458,0
459,0
460,1
461,1
462,0
463,0
464,1
465,0
466,0
467,0
468,0
469,1
470,1
471,1
472,0
473,0
474,0
475,1
476,0
477,1
478,1
479,0
480,1
481,0
482,1
483,1
484,0
485,1
486,1
487,1
488,1
489,0
490,1
491,1
492,1
493,1
494,0
495,0
496,1
497,1
498,0
499,0
500,1
501,0
502,1
503,1
504,1
505,1
506,1
507,0
508,1
509,1
510,1
511,0
512,1
513,1
514,1
515,0
516,0
517,0
518,0
519,1
520,1
521,1
522,1
523,1
524,1
525,0
526,0
527,1
528,1
529,1
530,0
531,1
532,1
533,1
534,1
535,0
536,0
537,1
538,1
539,0
540,0
541,1
542,0
543,0
544,0
545,1
546,1
547,1
548,0
549,1
550,1
551,1
552,0
553,0
554,0
555,0
556,1
557,1
558,1
559,0
560,0
561,1
562,0
563,0
564,1
565,0
566,1
567,0
568,1
569,0
570,1
571,1
572,1
573,0
574,0
575,1
576,1
577,0
578,0
579,1
580,1
581,0
582,0
583,1
584,0
585,0
586,1
587,1
588,0
589,0
590,0
591,1
592,0
593,1
594,0
595,0
596,1
597,1
598,0
599,0
600,0
601,1
602,1
603,1
604,0
605,1
606,0
607,1
608,0
609,1
610,1
611,0
612,1
613,1
614,0
615,1
616,0
617,1
618,0
619,0
620,0
621,0
622,1
623,0
624,0
625,1
626,0
627,1
628,0
629,1
630,1
631,1
632,1
633,0
634,1
635,1
636,0
637,1
638,1
639,1
640,0
641,1
642,1
643,1
644,0
645,1
646,0
647,1
648,1
649,0
650,1
651,0
652,1
653,1
654,1
655,0
656,0
657,0
658,0
659,0
660,0
661,0
662,0
663,1
664,1
665,1
666,1
667,1
668,1
669,1
670,1
671,1
672,1
673,1
674,0
675,1
676,1
677,1
678,1
679,1
680,1
681,1
682,1
683,0
684,1
685,1
686,0
687,0
688,1
689,1
690,1
691,1
692,1
693,1
694,0
695,0
696,1
697,0
698,0
699,1
700,1
701,1
702,1
703,1
704,0
705,1
706,0
707,1
708,1
709,0
710,0
711,0
712,0
713,1
714,0
715,0
716,1
717,1
718,0
719,1
720,0
721,1
722,1
723,0
724,0
725,0
726,0
727,0
728,1
729,1
730,1
731,0
732,0
733,1
734,0
735,0
736,1
737,0
738,1
739,1
740,1
741,0
742,0
743,1
744,0
745,1
746,0
747,1
748,0
749,1
750,0
751,1
752,0
753,1
754,1
755,0
756,1
757,1
758,1
759,1
760,1
761,0
762,0
763,1
764,1
765,0
766,0
767,1
768,0
769,0
770,1
771,0
772,0
773,0
774,1
775,0
776,1
777,1
778,0
779,1
780,1
781,1
782,1
783,1
784,1
785,1
786,1
787,0
788,0
789,0
790,0
791,0
792,1
793,0
794,0
795,0
796,1
797,0
798,1
799,0
800,0
801,1
802,1
803,1
804,0
805,1
806,1
807,0
808,0
809,0
810,1
811,1
812,0
813,0
814,0
815,0
816,0
817,1
818,1
819,1
820,0
821,0
822,0
823,1
824,0
825,1
826,0
827,1
828,1
829,0
830,1
831,1
832,0
833,1
834,1
835,0
836,0
837,0
838,0
839,1
840,0
841,0
842,1
843,0
844,0
845,1
846,0
847,0
848,0
849,0
850,0
851,1
852,1
853,1
854,1
855,1
856,1
857,1
858,0
859,0
860,1
861,0
862,0
863,1
864,0
865,0
866,1
867,0
868,1
869,1
870,1
871,1
872,1
873,0
874,0
875,0
876,0
877,0
878,1
879,1
880,0
881,1
882,0
883,0
884,1
885,1
886,1
887,1
888,1
889,1
890,0
891,1
892,0
893,1
894,1
895,1
896,0
897,0
898,1
899,1
900,1
901,1
902,1
903,1
904,1
905,1
906,1
907,0
908,1
909,0
910,1
911,1
912,1
913,1
914,1
915,0
916,0
917,1
918,1
919,1
920,0
921,0
922,0
923,1
924,1
925,0
926,1
927,0
928,0
929,1
930,0
931,0
932,1
933,1
934,1
935,0
936,0
937,0
938,1
939,1
940,1
941,1
942,1
943,1
944,1
945,1
946,0
947,0
948,1
949,0
950,1
951,1
952,1
953,1
954,0
955,1
956,1
957,1
958,1
959,1
960,1
961,1
962,1
963,1
964,1
965,0
966,1
967,1
968,0
969,1
970,0
971,0
972,1
973,0
974,0
975,0
976,0
977,0
978,1
979,0
980,1
981,1
982,1
983,0
984,1
985,1
986,1
987,1
988,0
989,1
990,0
991,1
992,1
993,1
994,0
995,0
996,1
997,0
998,1
999,0
1000,1
1001,1
1002,1
1003,1
1004,0
1005,1
1006,0
1007,0
1008,1
1009,1
1010,0
1011,1
1012,1
1013,1
1014,1
1015,0
1016,1
1017,1
1018,1
1019,1
1020,0
1021,0
1022,0
1023,1
1024,1
1025,0
1026,1
1027,1
1028,0
1029,1
1030,0
1031,0
1032,0
1033,1
1034,1
1035,1
1036,0
1037,0
1038,0
1039,1
1040,0
1041,0
1042,1
1043,1
1044,1
1045,0
1046,1
1047,0
1048,0
1049,0
1050,1
1051,1
1052,1
1053,0
1054,1
1055,1
1056,0
1057,1
1058,1
1059,0
1060,0
1061,1
1062,1
1063,0
1064,1
1065,0
1066,1
1067,1
1068,1
1069,0
1070,0
1071,1
1072,1
1073,1
1074,0
1075,0
1076,1
1077,1
1078,0
1079,0
1080,1
1081,0
1082,0
1083,0
1084,1
1085,0
1086,1
1087,0
1088,1
1089,1
1090,0
1091,0
1092,0
1093,0
1094,1
1095,0
1096,0
1097,1
1098,0
1099,0
1100,0
1101,1
1102,1
1103,1
1104,1
1105,0
1106,1
1107,1
1108,0
1109,0
1110,0
1111,0
1112,1
1113,0
1114,1
1115,0
1116,1
1117,1
1118,1
1119,1
1120,1
1121,1
1122,1
1123,0
1124,1
1125,0
1126,1
1127,1
1128,1
1129,1
1130,1
1131,0
1132,1
1133,1
1134,0
1135,0
1136,0
1137,0
1138,1
1139,0
1140,0
1141,0
1142,1
1143,1
1144,0
1145,0
1146,0
1147,0
1148,0
1149,0
1150,1
1151,0
1152,1
1153,0
1154,0
1155,0
1156,0
1157,1
1158,0
1159,1
1160,0
1161,1
1162,1
1163,1
1164,1
1165,0
1166,0
1167,0
1168,0
1169,0
1170,1
1171,1
1172,0
1173,1
1174,0
1175,1
1176,1
1177,1
1178,1
1179,0
1180,0
1181,0
1182,0
1183,0
1184,0
1185,1
1186,0
1187,0
1188,1
1189,0
1190,1
1191,1
1192,0
1193,1
1194,0
1195,1
1196,1
1197,1
1198,1
1199,0
1200,0
1201,1
1202,0
1203,1
1204,1
1205,1
1206,0
1207,1
1208,1
1209,0
1210,1
1211,0
1212,1
1213,0
1214,1
1215,0
1216,0
1217,0
1218,1
1219,0
1220,1
1221,0
1222,1
1223,0
1224,0
1225,1
1226,0
1227,0
1228,0
1229,1
1230,1
1231,0
1232,0
1233,0
1234,0
1235,1
1236,0
1237,1
1238,0
1239,1
1240,0
1241,1
1242,1
1243,1
1244,0
1245,1
1246,0
1247,1
1248,0
1249,1
1250,1
1251,0
1252,0
1253,0
1254,0
1255,0
1256,1
1257,0
1258,0
1259,1
1260,1
1261,0
1262,0
1263,1
1264,1
1265,0
1266,0
1267,1
1268,1
1269,1
1270,0
1271,0
1272,1
1273,0
1274,0
1275,1
1276,1
1277,1
1278,0
1279,0
1280,1
1281,0
1282,0
1283,1
1284,1
1285,0
1286,0
1287,0
1288,1
1289,0
1290,1
1291,0
1292,0
1293,1
1294,0
1295,1
1296,0
1297,0
1298,1
1299,1
1300,1
1301,1
1302,1
1303,0
1304,1
1305,1
1306,1
1307,1
1308,0
1309,0
1310,0
1311,1
1312,0
1313,1
1314,1
1315,0
1316,0
1317,1
1318,0
1319,0
1320,1
1321,1
1322,1
1323,0
1324,1
1325,1
1326,0
1327,0
1328,0
1329,1
1330,0
1331,1
1332,0
1333,0
1334,0
1335,0
1336,0
1337,1
1338,0
1339,1
1340,0
1341,1
1342,0
1343,1
1344,0
1345,1
1346,0
1347,0
1348,0
1349,1
1350,1
1351,1
1352,0
1353,1
1354,1
1355,1
1356,1
1357,0
1358,1
1359,0
1360,0
1361,0
1362,0
1363,0
1364,0
1365,0
1366,0
1367,1
1368,0
1369,1
1370,0
1371,1
1372,0
1373,1
1374,0
1375,1
1376,1
1377,1
1378,0
1379,0
1380,1
1381,1
1382,1
1383,1
1384,1
1385,1
1386,1
1387,1
1388,1
1389,0
1390,0
1391,0
1392,1
1393,0
1394,0
1395,1
1396,0
1397,0
1398,1
1399,0
1400,1
1401,0
1402,0
1403,0
1404,0
1405,0
1406,1
1407,0
1408,0
1409,1
1410,1
1411,0
1412,1
1413,0
1414,1
1415,0
1416,0
1417,0
1418,1
1419,1
1420,0
1421,1
1422,0
1423,1
1424,1
1425,1
1426,0
1427,1
1428,1
1429,1
1430,1
1431,1
1432,1
1433,0
1434,1
1435,0
1436,0
1437,1
1438,1
1439,1
1440,0
1441,0
1442,1
1443,0
1444,1
1445,0
1446,0
1447,0
1448,1
1449,0
1450,1
1451,1
1452,1
1453,1
1454,0
1455,1
1456,0
1457,1
1458,1
1459,0
1460,0
1461,1
1462,1
1463,0
1464,0
1465,0
1466,0
1467,1
1468,0
1469,1
1470,0
1471,1
1472,0
1473,0
1474,0
1475,1
1476,0
1477,0
1478,1
1479,0
1480,1
1481,1
1482,1
1483,0
1484,1
1485,0
1486,0
1487,0
1488,1
1489,1
1490,0
1491,0
1492,1
1493,0
1494,1
1495,0
1496,1
1497,0
1498,0
1499,0
1500,0
1501,0
1502,1
1503,0
1504,1
1505,1
1506,0
1507,0
1508,1
1509,1
1510,1
1511,0
1512,1
1513,0
1514,1
1515,0
1516,1
1517,0
1518,0
1519,1
1520,1
1521,0
1522,1
1523,1
1524,0
1525,1
1526,1
1527,0
1528,0
1529,0
1530,0
1531,0
1532,1
1533,1
1534,0
1535,0
1536,0
1537,0
1538,0
1539,1
1540,1
1541,1
1542,1
1543,1
1544,0
1545,0
1546,0
1547,1
1548,0
1549,1
1550,0
1551,0
1552,0
1553,0
1554,1
1555,0
1556,0
1557,1
1558,1
1559,1
1560,0
1561,0
1562,0
1563,0
1564,1
1565,0
1566,1
1567,0
1568,1
1569,1
1570,0
1571,0
1572,1
1573,0
1574,0
1575,0
1576,1
1577,0
1578,1
1579,1
1580,0
1581,0
1582,1
1583,1
1584,1
1585,1
1586,1
1587,0
1588,0
1589,0
1590,0
1591,0
1592,1
1593,0
1594,1
1595,1
1596,0
1597,0
1598,0
1599,0
1600,1
1601,1
1602,0
1603,0
1604,0
1605,1
1606,0
1607,1
1608,1
1609,0
1610,1
1611,0
1612,1
1613,1
1614,1
1615,0
1616,0
1617,1
1618,1
1619,0
1620,1
1621,1
1622,1
1623,0
1624,1
1625,0
1626,1
1627,0
1628,1
1629,1
1630,1
1631,0
1632,1
1633,0
1634,0
1635,1
1636,0
1637,1
1638,1
1639,0
1640,0
1641,1
1642,0
1643,1
1644,1
1645,1
1646,0
1647,1
1648,1
1649,1
1650,1
1651,0
1652,1
1653,0
1654,1
1655,0
1656,1
1657,1
1658,0
1659,0
1660,0
1661,1
1662,1
1663,1
1664,1
1665,0
1666,1
1667,1
1668,1
1669,1
1670,0
1671,0
1672,0
1673,1
1674,0
1675,1
1676,0
1677,0
1678,0
1679,1
1680,1
1681,0
1682,1
1683,0
1684,0
1685,1
1686,0
1687,1
1688,0
1689,1
1690,0
1691,1
1692,1
1693,0
1694,0
1695,0
1696,0
1697,1
1698,1
1699,0
1700,1
1701,1
1702,1
1703,0
1704,0
1705,1
1706,0
1707,1
1708,0
1709,0
1710,0
1711,0
1712,0
1713,1
1714,1
1715,1
1716,0
1717,0
1718,1
1719,1
1720,0
1721,0
1722,1
1723,0
1724,0
1725,0
1726,0
1727,1
1728,0
1729,0
1730,0
1731,1
1732,0
1733,0
1734,1
1735,0
1736,1
1737,1
1738,1
1739,0
1740,0
1741,1
1742,0
1743,1
1744,1
1745,1
1746,1
1747,0
1748,0
1749,0
1750,0
1751,1
1752,0
1753,1
1754,1
1755,1
1756,1
1757,0
1758,1
1759,0
1760,0
1761,1
1762,0
1763,0
1764,1
1765,1
1766,0
1767,0
1768,1
1769,0
1770,0
1771,1
1772,1
1773,0
1774,0
1775,1
1776,1
1777,0
1778,0
1779,1
1780,1
1781,1
1782,0
1783,1
1784,0
1785,0
1786,1
1787,0
1788,0
1789,1
1790,1
1791,1
1792,0
1793,0
1794,0
1795,0
1796,1
1797,0
1798,1
1799,0
1800,1
1801,1
1802,0
1803,0
1804,0
1805,0
1806,1
1807,0
1808,1
1809,0
1810,1
1811,0
1812,0
1813,0
1814,1
1815,0
1816,1
1817,1
1818,1
1819,1
1820,1
1821,1
1822,1
1823,0
1824,0
1825,0
1826,0
1827,0
1828,1
1829,0
1830,0
1831,1
1832,1
1833,1
1834,0
1835,1
1836,1
1837,0
1838,0
1839,1
1840,0
1841,1
1842,1
1843,1
1844,0
1845,0
1846,1
1847,1
1848,1
1849,1
1850,1
1851,1
1852,0
1853,0
1854,0
1855,1
1856,1
1857,0
1858,0
1859,1
1860,1
1861,0
1862,1
1863,1
1864,0
1865,1
1866,1
1867,1
1868,1
1869,1
1870,0
1871,1
1872,1
1873,0
1874,1
1875,1
1876,0
1877,1
1878,0
1879,0
1880,1
1881,1
1882,1
1883,0
1884,1
1885,1
1886,1
1887,0
1888,1
1889,1
1890,1
1891,0
1892,0
1893,0
1894,1
1895,0
1896,1
1897,1
1898,0
1899,0
1900,0
1901,0
1902,1
1903,0
1904,1
1905,1
1906,1
1907,1
1908,0
1909,0
1910,1
1911,0
1912,0
1913,0
1914,1
1915,0
1916,0
1917,1
1918,0
1919,0
1920,1
1921,1
1922,1
1923,1
1924,0
1925,0
1926,1
1927,0
1928,1
1929,1
1930,0
1931,0
1932,0
1933,1
1934,1
1935,1
1936,1
1937,0
1938,1
1939,0
1940,0
1941,1
1942,1
1943,1
1944,1
1945,1
1946,0
1947,1
1948,1
1949,1
1950,1
1951,1
1952,1
1953,0
1954,0
1955,1
1956,0
1957,0
1958,0
1959,1
1960,1
1961,1
1962,0
1963,1
1964,1
1965,0
1966,0
1967,0
1968,0
1969,0
1970,1
1971,0
1972,1
1973,1
1974,0
1975,1
1976,0
1977,1
1978,1
1979,0
1980,1
1981,0
1982,1
1983,0
1984,0
1985,0
1986,1
1987,0
1988,0
1989,0
1990,1
1991,0
1992,1
1993,1
1994,0
1995,0
1996,1
1997,1
1998,0
1999,0
2000,1
2001,1
2002,1
2003,0
2004,1
2005,1
2006,1
2007,1
2008,1
2009,0
2010,1
2011,0
2012,0
2013,1
2014,0
2015,0
2016,0
2017,0
2018,0
2019,0
2020,1
2021,0
2022,1
2023,1
2024,1
2025,0
2026,0
2027,0
2028,0
2029,1
2030,1
2031,0
2032,0
2033,1
2034,0
2035,1
2036,0
2037,0
2038,1
2039,0
2040,1
2041,1
2042,0
2043,0
2044,1
2045,1
2046,1
2047,0
2048,1
2049,1
2050,1
2051,0
2052,1
2053,0
2054,1
2055,1
2056,0
2057,0
2058,1
2059,1
2060,0
2061,0
2062,0
2063,0
2064,1
2065,0
2066,0
2067,1
2068,0
2069,0
2070,1
2071,1
2072,1
2073,0
2074,0
2075,0
2076,0
2077,1
2078,1
2079,1
2080,0
2081,1
2082,0
2083,1
2084,1
2085,1
2086,0
2087,1
2088,1
2089,0
2090,1
2091,0
2092,1
2093,1
2094,0
2095,1
2096,0
2097,1
2098,0
2099,1
2100,0
2101,0
2102,0
2103,1
2104,1
2105,0
2106,1
2107,0
2108,1
2109,0
2110,1
2111,0
2112,1
2113,0
2114,0
2115,1
2116,0
2117,1
2118,1
2119,0
2120,1
2121,0
2122,0
2123,0
2124,1
2125,1
2126,1
2127,1
2128,1
2129,0
2130,1
2131,0
2132,1
2133,0
2134,1
2135,1
2136,1
2137,0
2138,1
2139,1
2140,0
2141,1
2142,0
2143,0
2144,1
2145,1
2146,1
2147,1
2148,1
2149,0
2150,0
2151,1
2152,0
2153,1
2154,1
2155,0
2156,0
2157,0
2158,1
2159,1
2160,1
2161,1
2162,0
2163,1
2164,0
2165,0
2166,1
2167,0
2168,1
2169,1
2170,1
2171,1
2172,0
2173,1
2174,0
2175,0
2176,1
2177,0
2178,0
2179,1
2180,0
2181,1
2182,1
2183,0
2184,0
2185,1
2186,0
2187,0
2188,1
2189,0
2190,1
2191,0
2192,1
2193,1
2194,1
2195,1
2196,0
2197,1
2198,0
2199,1
2200,0
2201,1
2202,1
2203,0
2204,1
2205,1
2206,0
2207,0
2208,0
2209,0
2210,1
2211,1
2212,0
2213,1
2214,1
2215,1
2216,0
2217,0
2218,0
2219,1
2220,0
2221,0
2222,0
2223,0
2224,1
2225,1
2226,0
2227,1
2228,1
2229,0
2230,0
2231,0
2232,1
2233,0
2234,0
2235,0
2236,1
2237,0
2238,1
2239,0
2240,0
2241,1
2242,1
2243,0
2244,0
2245,0
2246,0
2247,1
2248,0
2249,1
2250,0
2251,0
2252,1
2253,1
2254,1
2255,0
2256,1
2257,0
2258,0
2259,1
2260,1
2261,1
2262,1
2263,1
2264,0
2265,1
2266,1
2267,1
2268,1
2269,1
2270,1
2271,1
2272,0
2273,1
2274,0
2275,1
2276,0
2277,0
2278,1
2279,1
2280,0
2281,0
2282,1
2283,0
2284,0
2285,1
2286,0
2287,1
2288,1
2289,0
2290,1
2291,1
2292,0
2293,1
2294,0
2295,0
2296,0
2297,0
2298,1
2299,1
2300,1
2301,1
2302,1
2303,0
2304,1
2305,1
2306,1
2307,0
2308,0
2309,0
2310,0
2311,1
2312,0
2313,1
2314,0
2315,1
2316,1
2317,1
2318,0
2319,0
2320,1
2321,1
2322,0
2323,1
2324,1
2325,1
2326,1
2327,0
2328,0
2329,1
2330,0
2331,0
2332,1
2333,1
2334,1
2335,1
2336,0
2337,1
2338,1
2339,1
2340,1
2341,0
2342,1
2343,0
2344,0
2345,0
2346,0
2347,1
2348,1
2349,0
2350,0
2351,1
2352,0
2353,0
2354,1
2355,0
2356,1
2357,0
2358,1
2359,0
2360,0
2361,0
2362,0
2363,1
2364,1
2365,1
2366,1
2367,1
2368,0
2369,1
2370,1
2371,0
2372,0
2373,0
2374,0
2375,1
2376,0
2377,0
2378,1
2379,0
2380,0
2381,0
2382,1
2383,0
2384,0
2385,1
2386,1
2387,0
2388,0
2389,1
2390,0
2391,1
2392,1
2393,1
2394,1
2395,0
2396,1
2397,1
2398,1
2399,0
2400,0
2401,1
2402,0
2403,1
2404,0
2405,1
2406,1
2407,1
2408,0
2409,1
2410,0
2411,1
2412,0
2413,1
2414,0
2415,1
2416,1
2417,0
2418,1
2419,1
2420,1
2421,1
2422,0
2423,1
2424,0
2425,0
2426,0
2427,1
2428,1
2429,1
2430,1
2431,0
2432,1
2433,1
2434,0
2435,1
2436,0
2437,1
2438,1
2439,0
2440,0
2441,0
2442,0
2443,1
2444,1
2445,1
2446,1
2447,1
2448,1
2449,0
2450,1
2451,1
2452,1
2453,1
2454,1
2455,1
2456,1
2457,1
2458,1
2459,1
2460,1
2461,0
2462,0
2463,1
2464,1
2465,1
2466,0
2467,1
2468,0
2469,1
2470,1
2471,1
2472,0
2473,0
2474,1
2475,1
2476,1
2477,0
2478,1
2479,0
2480,1
2481,1
2482,0
2483,0
2484,0
2485,0
2486,1
2487,1
2488,1
2489,0
2490,1
2491,1
2492,1
2493,1
2494,1
2495,0
2496,1
2497,1
2498,1
2499,1
2500,0
2501,0
2502,0
2503,0
2504,0
2505,0
2506,0
2507,1
2508,1
2509,0
2510,1
2511,1
2512,0
2513,1
2514,0
2515,0
2516,1
2517,0
2518,0
2519,1
2520,0
2521,0
2522,1
2523,0
2524,1
2525,1
2526,0
2527,0
2528,1
2529,0
2530,1
2531,0
2532,1
2533,0
2534,1
2535,1
2536,1
2537,0
2538,1
2539,1
2540,1
2541,0
2542,0
2543,1
2544,1
2545,0
2546,0
2547,0
2548,0
2549,1
2550,1
2551,1
2552,0
2553,0
2554,0
2555,1
2556,1
2557,1
2558,0
2559,1
2560,1
2561,1
2562,1
2563,1
2564,0
2565,0
2566,1
2567,0
2568,1
2569,1
2570,0
2571,0
2572,0
2573,1
2574,1
2575,1
2576,1
2577,1
2578,1
2579,1
2580,1
2581,0
2582,1
2583,1
2584,0
2585,1
2586,1
2587,1
2588,1
2589,0
2590,0
2591,1
2592,0
2593,0
2594,0
2595,1
2596,0
2597,0
2598,1
2599,1
2600,1
2601,0
2602,0
2603,1
2604,0
2605,0
2606,0
2607,0
2608,1
2609,0
2610,1
2611,0
2612,1
2613,1
2614,1
2615,0
2616,1
2617,1
2618,0
2619,0
2620,1
2621,1
2622,1
2623,0
2624,0
2625,1
2626,1
2627,1
2628,1
2629,1
2630,1
2631,0
2632,0
2633,0
2634,0
2635,1
2636,1
2637,1
2638,0
2639,1
2640,1
2641,1
2642,1
2643,1
2644,0
2645,1
2646,0
2647,1
2648,1
2649,1
2650,0
2651,0
2652,1
2653,0
2654,0
2655,0
2656,1
2657,1
2658,0
2659,0
2660,0
2661,1
2662,1
2663,1
2664,1
2665,0
2666,1
2667,1
2668,0
2669,1
2670,1
2671,1
2672,0
2673,1
2674,1
2675,0
2676,0
2677,1
2678,1
2679,1
2680,0
2681,1
2682,1
2683,0
2684,1
2685,1
2686,0
2687,1
2688,0
2689,1
2690,0
2691,0
2692,0
2693,0
2694,1
2695,1
2696,0
2697,1
2698,0
2699,1
2700,0
2701,0
2702,1
2703,0
2704,1
2705,1
2706,0
2707,1
2708,1
2709,0
2710,1
2711,0
2712,0
2713,0
2714,1
2715,0
2716,1
2717,0
2718,1
2719,1
2720,1
2721,1
2722,0
2723,1
2724,1
2725,0
2726,1
2727,0
2728,1
2729,1
2730,1
2731,1
2732,1
2733,1
2734,1
2735,0
2736,1
2737,0
2738,0
2739,1
2740,1
2741,1
2742,1
2743,0
2744,1
2745,0
2746,1
2747,0
2748,0
2749,0
2750,0
2751,0
2752,1
2753,1
2754,1
2755,0
2756,0
2757,1
2758,1
2759,0
2760,1
2761,0
2762,1
2763,0
2764,0
2765,0
2766,1
2767,0
2768,1
2769,1
2770,1
2771,1
2772,0
2773,1
2774,1
2775,1
2776,1
2777,1
2778,1
2779,0
2780,0
2781,0
2782,0
2783,0
2784,0
2785,0
2786,0
2787,1
2788,1
2789,1
2790,1
2791,0
2792,1
2793,1
2794,0
2795,1
2796,1
2797,1
2798,1
2799,1
2800,0
2801,0
2802,1
2803,0
2804,1
2805,1
2806,0
2807,0
2808,1
2809,0
2810,1
2811,0
2812,1
2813,0
2814,1
2815,1
2816,0
2817,1
2818,0
2819,0
2820,1
2821,0
2822,0
2823,1
2824,1
2825,1
2826,0
2827,1
2828,0
2829,1
2830,0
2831,1
2832,0
2833,1
2834,0
2835,0
2836,0
2837,0
2838,1
2839,0
2840,0
2841,1
2842,1
2843,0
2844,0
2845,1
2846,1
2847,0
2848,0
2849,1
2850,0
2851,1
2852,1
2853,0
2854,1
2855,1
2856,1
2857,1
2858,0
2859,1
2860,1
2861,1
2862,1
2863,0
2864,0
2865,0
2866,0
2867,0
2868,0
2869,1
2870,1
2871,1
2872,1
2873,0
2874,0
2875,1
2876,0
2877,1
2878,1
2879,1
2880,1
2881,1
2882,1
2883,0
2884,1
2885,1
2886,0
2887,0
2888,1
2889,0
2890,0
2891,0
2892,0
2893,0
2894,0
2895,1
2896,0
2897,1
2898,0
2899,1
2900,1
2901,1
2902,1
2903,1
2904,0
2905,0
2906,0
2907,0
2908,1
2909,0
2910,0
2911,0
2912,1
2913,0
2914,1
2915,1
2916,1
2917,1
2918,1
2919,1
2920,0
2921,1
2922,0
2923,1
2924,0
2925,1
2926,0
2927,1
2928,1
2929,1
2930,0
2931,1
2932,0
2933,0
2934,1
2935,1
2936,1
2937,1
2938,0
2939,1
2940,1
2941,1
2942,0
2943,0
2944,1
2945,1
2946,0
2947,0
2948,0
2949,0
2950,0
2951,0
2952,0
2953,1
2954,0
2955,1
2956,1
2957,0
2958,1
2959,1
2960,0
2961,0
2962,0
2963,0
2964,1
2965,0
2966,0
2967,1
2968,0
2969,0
2970,1
2971,1
2972,1
2973,1
2974,0
2975,1
2976,0
2977,1
2978,0
2979,1
2980,0
2981,1
2982,0
2983,1
2984,1
2985,1
2986,0
2987,1
2988,0
2989,1
2990,1
2991,1
2992,0
2993,1
2994,1
2995,0
2996,1
2997,1
2998,0
2999,0
3000,0
3001,0
3002,0
3003,0
3004,1
3005,0
3006,0
3007,1
3008,1
3009,0
3010,0
3011,0
3012,0
3013,0
3014,1
3015,0
3016,0
3017,0
3018,0
3019,0
3020,0
3021,1
3022,0
3023,0
3024,0
3025,1
3026,1
3027,0
3028,0
3029,0
3030,1
3031,1
3032,0
3033,0
3034,0
3035,1
3036,0
3037,1
3038,0
3039,1
3040,1
3041,1
3042,1
3043,0
3044,0
3045,1
3046,1
3047,0
3048,0
3049,0
3050,1
3051,1
3052,1
3053,0
3054,0
3055,1
3056,1
3057,1
3058,0
3059,1
3060,1
3061,1
3062,0
3063,1
3064,0
3065,0
3066,1
3067,0
3068,1
3069,1
3070,1
3071,0
3072,0
3073,1
3074,1
3075,0
3076,0
3077,1
3078,0
3079,0
3080,1
3081,0
3082,1
3083,0
3084,1
3085,1
3086,0
3087,1
3088,0
3089,1
3090,1
3091,1
3092,0
3093,0
3094,1
3095,1
3096,1
3097,1
3098,1
3099,0
3100,1
3101,0
3102,0
3103,1
3104,1
3105,1
3106,0
3107,1
3108,0
3109,1
3110,1
3111,1
3112,1
3113,0
3114,1
3115,0
3116,0
3117,0
3118,1
3119,0
3120,0
3121,1
3122,0
3123,1
3124,1
3125,1
3126,0
3127,1
3128,1
3129,1
3130,0
3131,0
3132,1
3133,0
3134,0
3135,0
3136,0
3137,0
3138,1
3139,0
3140,0
3141,0
3142,0
3143,1
3144,1
3145,0
3146,1
3147,1
3148,0
3149,0
3150,1
3151,1
3152,0
3153,1
3154,0
3155,0
3156,0
3157,0
3158,1
3159,0
3160,0
3161,0
3162,0
3163,1
3164,0
3165,1
3166,1
3167,0
3168,1
3169,1
3170,0
3171,0
3172,1
3173,0
3174,1
3175,0
3176,1
3177,1
3178,1
3179,1
3180,1
3181,1
3182,0
3183,1
3184,1
3185,1
3186,1
3187,0
3188,0
3189,0
3190,0
3191,1
3192,0
3193,0
3194,0
3195,0
3196,0
3197,1
3198,1
3199,0
3200,0
3201,1
3202,1
3203,0
3204,0
3205,1
3206,0
3207,1
3208,0
3209,0
3210,1
3211,1
3212,1
3213,1
3214,1
3215,1
3216,1
3217,1
3218,0
3219,1
3220,1
3221,1
3222,1
3223,1
3224,1
3225,0
3226,1
3227,1
3228,1
3229,1
3230,1
3231,0
3232,1
3233,1
3234,1
3235,1
3236,1
3237,0
3238,0
3239,1
3240,0
3241,1
3242,1
3243,1
3244,0
3245,1
3246,1
3247,0
3248,0
3249,0
3250,0
3251,0
3252,1
3253,1
3254,0
3255,1
3256,0
3257,1
3258,0
3259,1
3260,0
3261,0
3262,0
3263,0
3264,1
3265,1
3266,1
3267,1
3268,0
3269,1
3270,0
3271,0
3272,0
3273,1
3274,1
3275,1
3276,1
3277,1
3278,0
3279,0
3280,1
3281,0
3282,1
3283,1
3284,0
3285,1
3286,0
3287,0
3288,0
3289,0
3290,0
3291,0
3292,1
3293,1
3294,0
3295,0
3296,1
3297,1
3298,1
3299,1
3300,1
3301,1
3302,1
3303,1
3304,0
3305,0
3306,0
3307,0
3308,1
3309,0
3310,0
3311,1
3312,0
3313,0
3314,1
3315,1
3316,0
3317,1
3318,1
3319,1
3320,1
3321,1
3322,1
3323,0
3324,0
3325,1
3326,1
3327,1
3328,1
3329,1
3330,1
3331,0
3332,1
3333,1
3334,0
3335,0
3336,1
3337,1
3338,0
3339,1
3340,0
3341,1
3342,0
3343,0
3344,0
3345,0
3346,1
3347,1
3348,0
3349,1
3350,1
3351,0
3352,0
3353,0
3354,0
3355,0
3356,1
3357,1
3358,0
3359,0
3360,1
3361,1
3362,0
3363,1
3364,1
3365,0
3366,0
3367,1
3368,0
3369,0
3370,0
3371,1
3372,0
3373,1
3374,1
3375,1
3376,0
3377,1
3378,0
3379,1
3380,0
3381,1
3382,1
3383,0
3384,0
3385,1
3386,0
3387,1
3388,0
3389,1
3390,0
3391,1
3392,1
3393,0
3394,0
3395,1
3396,1
3397,0
3398,1
3399,1
3400,0
3401,1
3402,1
3403,1
3404,1
3405,1
3406,0
3407,1
3408,1
3409,0
3410,0
3411,1
3412,1
3413,0
3414,0
3415,0
3416,0
3417,0
3418,0
3419,0
3420,1
3421,1
3422,1
3423,1
3424,0
3425,0
3426,0
3427,0
3428,0
3429,0
3430,1
3431,1
3432,0
3433,0
3434,1
3435,1
3436,0
3437,1
3438,0
3439,0
3440,1
3441,1
3442,1
3443,1
3444,0
3445,0
3446,1
3447,0
3448,0
3449,1
3450,1
3451,0
3452,1
3453,1
3454,1
3455,0
3456,1
3457,0
3458,0
3459,0
3460,0
3461,1
3462,0
3463,0
3464,0
3465,1
3466,1
3467,0
3468,0
3469,0
3470,0
3471,0
3472,1
3473,0
3474,1
3475,0
3476,0
3477,0
3478,1
3479,1
3480,0
3481,1
3482,0
3483,1
3484,1
3485,1
3486,1
3487,1
3488,1
3489,0
3490,1
3491,0
3492,0
3493,1
3494,1
3495,0
3496,0
3497,0
3498,0
3499,1
3500,0
3501,0
3502,1
3503,1
3504,0
3505,0
3506,1
3507,0
3508,0
3509,1
3510,0
3511,0
3512,1
3513,1
3514,1
3515,0
3516,1
3517,0
3518,1
3519,1
3520,1
3521,0
3522,1
3523,0
3524,1
3525,1
3526,1
3527,0
3528,0
3529,1
3530,0
3531,0
3532,1
3533,1
3534,0
3535,0
3536,1
3537,0
3538,0
3539,0
3540,1
3541,1
3542,0
3543,1
3544,0
3545,1
3546,1
3547,1
3548,1
3549,0
3550,1
3551,0
3552,1
3553,0
3554,0
3555,0
3556,1
3557,1
3558,0
3559,1
3560,0
3561,1
3562,1
3563,0
3564,1
3565,1
3566,1
3567,1
3568,0
3569,1
3570,1
3571,0
3572,1
3573,0
3574,0
3575,0
3576,1
3577,0
3578,0
3579,0
3580,1
3581,1
3582,0
3583,1
3584,1
3585,0
3586,1
3587,1
3588,0
3589,1
3590,1
3591,1
3592,0
3593,0
3594,0
3595,1
3596,0
3597,1
3598,0
3599,1
3600,1
3601,1
3602,1
3603,0
3604,0
3605,1
3606,0
3607,0
3608,0
3609,1
3610,1
3611,1
3612,0
3613,0
3614,0
3615,1
3616,0
3617,0
3618,0
3619,0
3620,1
3621,0
3622,1
3623,1
3624,1
3625,1
3626,1
3627,1
3628,1
3629,0
3630,1
3631,1
3632,1
3633,1
3634,0
3635,0
3636,1
3637,0
3638,0
3639,1
3640,0
3641,0
3642,0
3643,0
3644,0
3645,0
3646,1
3647,0
3648,0
3649,1
3650,0
3651,1
3652,0
3653,1
3654,0
3655,1
3656,1
3657,0
3658,1
3659,1
3660,0
3661,0
3662,1
3663,0
3664,0
3665,1
3666,1
3667,1
3668,1
3669,1
3670,1
3671,0
3672,1
3673,1
3674,0
3675,1
3676,0
3677,1
3678,1
3679,1
3680,1
3681,1
3682,0
3683,0
3684,1
3685,0
3686,0
3687,0
3688,1
3689,0
3690,0
3691,0
3692,0
3693,1
3694,0
3695,0
3696,1
3697,1
3698,0
3699,1
3700,0
3701,0
3702,0
3703,1
3704,1
3705,1
3706,0
3707,1
3708,1
3709,1
3710,1
3711,1
3712,0
3713,0
3714,0
3715,0
3716,0
3717,0
3718,0
3719,1
3720,1
3721,0
3722,1
3723,1
3724,1
3725,0
3726,0
3727,0
3728,0
3729,0
3730,1
3731,0
3732,1
3733,1
3734,1
3735,1
3736,0
3737,0
3738,0
3739,0
3740,1
3741,0
3742,0
3743,0
3744,1
3745,0
3746,0
3747,0
3748,1
3749,1
3750,1
3751,0
3752,0
3753,1
3754,0
3755,1
3756,1
3757,1
3758,0
3759,1
3760,0
3761,1
3762,0
3763,0
3764,1
3765,1
3766,0
3767,0
3768,0
3769,0
3770,0
3771,0
3772,1
3773,0
3774,0
3775,1
3776,0
3777,0
3778,0
3779,1
3780,1
3781,1
3782,0
3783,1
3784,1
3785,0
3786,1
3787,1
3788,1
3789,1
3790,1
3791,0
3792,1
3793,0
3794,1
3795,0
3796,1
3797,1
3798,1
3799,0
3800,0
3801,1
3802,1
3803,1
3804,0
3805,0
3806,0
3807,0
3808,1
3809,1
3810,1
3811,1
3812,0
3813,1
3814,0
3815,1
3816,0
3817,1
3818,0
3819,0
3820,1
3821,0
3822,1
3823,0
3824,1
3825,1
3826,0
3827,0
3828,0
3829,0
3830,1
3831,1
3832,1
3833,1
3834,1
3835,0
3836,1
3837,1
3838,0
3839,0
3840,1
3841,0
3842,1
3843,1
3844,1
3845,0
3846,1
3847,1
3848,0
3849,0
3850,1
3851,1
3852,0
3853,1
3854,1
3855,0
3856,1
3857,0
3858,1
3859,0
3860,0
3861,1
3862,1
3863,1
3864,0
3865,0
3866,0
3867,1
3868,0
3869,0
3870,0
3871,1
3872,1
3873,1
3874,0
3875,1
3876,1
3877,0
3878,1
3879,1
3880,0
3881,0
3882,0
3883,0
3884,0
3885,1
3886,1
3887,1
3888,1
3889,1
3890,0
3891,0
3892,1
3893,1
3894,0
3895,0
3896,1
3897,1
3898,1
3899,0
3900,1
3901,0
3902,1
3903,1
3904,1
3905,0
3906,0
3907,1
3908,0
3909,1
3910,0
3911,1
3912,0
3913,1
3914,0
3915,1
3916,0
3917,0
3918,0
3919,0
3920,0
3921,1
3922,1
3923,0
3924,1
3925,1
3926,1
3927,1
3928,0
3929,0
3930,1
3931,0
3932,0
3933,1
3934,0
3935,1
3936,0
3937,1
3938,1
3939,1
3940,1
3941,0
3942,1
3943,0
3944,0
3945,0
3946,0
3947,0
3948,1
3949,1
3950,0
3951,0
3952,1
3953,0
3954,0
3955,0
3956,1
3957,0
3958,0
3959,0
3960,1
3961,1
3962,1
3963,0
3964,1
3965,1
3966,1
3967,0
3968,1
3969,0
3970,1
3971,1
3972,0
3973,0
3974,0
3975,0
3976,1
3977,0
3978,0
3979,0
3980,1
3981,1
3982,1
3983,0
3984,0
3985,1
3986,1
3987,1
3988,1
3989,1
3990,1
3991,0
3992,1
3993,0
3994,0
3995,0
3996,0
3997,1
3998,1
3999,1
4000,1
4001,0
4002,0
4003,0
4004,0
4005,0
4006,0
4007,1
4008,0
4009,1
4010,0
4011,1
4012,0
4013,0
4014,1
4015,1
4016,0
4017,0
4018,0
4019,0
4020,1
4021,1
4022,0
4023,0
4024,1
4025,1
4026,0
4027,0
4028,1
4029,0
4030,0
4031,0
4032,0
4033,0
4034,1
4035,0
4036,1
4037,0
4038,1
4039,1
4040,1
4041,1
4042,1
4043,0
4044,1
4045,0
4046,1
4047,0
4048,1
4049,0
4050,1
4051,0
4052,1
4053,1
4054,1
4055,0
4056,1
4057,0
4058,1
4059,0
4060,0
4061,1
4062,1
4063,0
4064,0
4065,0
4066,0
4067,0
4068,1
4069,0
4070,0
4071,0
4072,0
4073,1
4074,1
4075,1
4076,0
4077,1
4078,1
4079,0
4080,1
4081,1
4082,0
4083,1
4084,0
4085,0
4086,0
4087,1
4088,0
4089,1
4090,0
4091,0
4092,1
4093,1
4094,0
4095,1
4096,0
4097,1
4098,0
4099,0
4100,1
4101,0
4102,0
4103,1
4104,0
4105,1
4106,1
4107,0
4108,0
4109,1
4110,0
4111,0
4112,0
4113,0
4114,1
4115,1
4116,1
4117,1
4118,0
4119,1
4120,1
4121,0
4122,0
4123,0
4124,0
4125,1
4126,0
4127,0
4128,0
4129,0
4130,1
4131,0
4132,0
4133,0
4134,1
4135,0
4136,0
4137,0
4138,1
4139,0
4140,1
4141,1
4142,1
4143,1
4144,0
4145,1
4146,1
4147,1
4148,1
4149,0
4150,1
4151,0
4152,1
4153,0
4154,1
4155,1
4156,0
4157,1
4158,1
4159,0
4160,1
4161,0
4162,0
4163,1
4164,0
4165,0
4166,0
4167,0
4168,0
4169,1
4170,0
4171,0
4172,1
4173,0
4174,0
4175,1
4176,0
4177,0
4178,0
4179,1
4180,1
4181,1
4182,0
4183,1
4184,1
4185,1
4186,1
4187,0
4188,0
4189,0
4190,0
4191,1
4192,1
4193,1
4194,0
4195,1
4196,0
4197,1
4198,1
4199,0
4200,1
4201,1
4202,0
4203,1
4204,0
4205,1
4206,0
4207,1
4208,0
4209,1
4210,0
4211,1
4212,1
4213,0
4214,1
4215,1
4216,1
4217,0
4218,0
4219,0
4220,0
4221,0
4222,0
4223,1
4224,0
4225,1
4226,0
4227,0
4228,0
4229,1
4230,0
4231,1
4232,0
4233,1
4234,1
4235,1
4236,1
4237,0
4238,0
4239,1
4240,1
4241,0
4242,1
4243,1
4244,0
4245,1
4246,0
4247,1
4248,0
4249,0
4250,0
4251,1
4252,0
4253,1
4254,0
4255,1
